OrderID,CustomerID,EmployeeID,Description,Price,Amount,Date
1,60,8,Body Composition Scan,30.0,1,2024-07-12
2,99,2,Personal Training (1h),60.0,3,2024-07-21
3,99,2,Whey Protein Tub (1kg),45.0,1,2024-07-21
4,65,10,HIIT Boot Camp Pass,25.0,2,2024-07-12
5,90,14,HIIT Boot Camp Pass,25.0,3,2024-07-23
6,13,10,Yoga Class Ticket,20.0,2,2024-07-15
7,92,14,Whey Protein Tub (1kg),45.0,1,2024-07-21
8,86,5,Body Composition Scan,30.0,4,2024-07-07
9,43,7,Day Gym Pass,15.0,1,2024-07-20
10,43,7,Peak Pulse Gym Shaker,12.0,1,2024-07-20
11,16,9,Whey Protein Tub (1kg),45.0,1,2024-07-23
12,84,7,Whey Protein Tub (1kg),45.0,1,2024-07-22
13,2,10,Yoga Class Ticket,20.0,2,2024-07-18
14,98,7,Personal Training (1h),60.0,2,2024-07-24
15,81,8,Yoga Class Ticket,20.0,2,2024-07-12
16,57,4,Whey Protein Tub (1kg),45.0,1,2024-07-16
17,26,8,Day Gym Pass,15.0,1,2024-07-04
18,26,8,Peak Pulse Gym Shaker,12.0,1,2024-07-04
19,93,10,Day Gym Pass,15.0,1,2024-07-25
20,93,10,Peak Pulse Gym Shaker,12.0,1,2024-07-25
21,88,4,Whey Protein Tub (1kg),45.0,1,2024-07-17
22,78,14,Whey Protein Tub (1kg),45.0,2,2024-07-06
23,52,9,Personal Training (1h),60.0,1,2024-07-17
24,52,9,Whey Protein Tub (1kg),45.0,1,2024-07-17
25,57,6,Body Composition Scan,30.0,2,2024-07-28
26,89,4,Yoga Class Ticket,20.0,1,2024-07-05
27,86,6,Peak Pulse Gym Shaker,12.0,2,2024-07-27
28,64,15,Pre-Workout Booster,35.0,1,2024-08-22
29,42,9,HIIT Boot Camp Pass,25.0,1,2024-08-17
30,41,11,Day Gym Pass,15.0,1,2024-08-20
31,41,11,Peak Pulse Gym Shaker,12.0,1,2024-08-20
32,36,10,Peak Pulse Gym Shaker,12.0,1,2024-08-02
33,26,7,Spinning Class Ticket,18.0,1,2024-08-13
34,64,8,Pre-Workout Booster,35.0,1,2024-08-10
35,12,9,Day Gym Pass,15.0,1,2024-08-19
36,12,9,Peak Pulse Gym Shaker,12.0,1,2024-08-19
37,37,6,Resistance Bands Set,22.0,1,2024-08-01
38,64,7,BCAA Energy Can,4.0,1,2024-08-22
39,66,4,HIIT Boot Camp Pass,25.0,2,2024-08-03
40,42,10,Peak Pulse Gym Shaker,12.0,1,2024-08-18
41,80,14,Whey Protein Tub (1kg),45.0,1,2024-08-27
42,20,13,Day Gym Pass,15.0,3,2024-08-10
43,20,13,Peak Pulse Gym Shaker,12.0,1,2024-08-10
44,11,13,Resistance Bands Set,22.0,3,2024-08-06
45,39,5,Spinning Class Ticket,18.0,2,2024-08-13
46,67,7,HIIT Boot Camp Pass,25.0,1,2024-08-14
47,31,7,Spinning Class Ticket,18.0,4,2024-08-22
48,36,14,Personal Training (1h),60.0,2,2024-09-05
49,36,14,Whey Protein Tub (1kg),45.0,1,2024-09-05
50,55,14,Pre-Workout Booster,35.0,3,2024-09-16
51,65,6,Nutritionist Consultation,75.0,4,2024-09-25
52,38,5,Pre-Workout Booster,35.0,1,2024-09-19
53,87,10,Personal Training (1h),60.0,3,2024-09-21
54,87,10,Whey Protein Tub (1kg),45.0,1,2024-09-21
55,44,8,Day Gym Pass,15.0,2,2024-09-20
56,13,9,Spinning Class Ticket,18.0,1,2024-09-06
57,49,13,HIIT Boot Camp Pass,25.0,1,2024-09-11
58,83,9,Pre-Workout Booster,35.0,3,2024-09-26
59,82,5,Body Composition Scan,30.0,2,2024-09-19
60,77,15,Resistance Bands Set,22.0,3,2024-09-22
61,18,3,Spinning Class Ticket,18.0,1,2024-09-25
62,13,4,Spinning Class Ticket,18.0,1,2024-09-26
63,24,5,Day Gym Pass,15.0,2,2024-09-09
64,24,5,Peak Pulse Gym Shaker,12.0,1,2024-09-09
65,13,15,Spinning Class Ticket,18.0,1,2024-09-20
66,59,8,Resistance Bands Set,22.0,3,2024-09-24
67,18,5,Peak Pulse Gym Shaker,12.0,3,2024-09-18
68,58,15,HIIT Boot Camp Pass,25.0,2,2024-09-24
69,72,6,Yoga Class Ticket,20.0,1,2024-09-01
70,18,13,BCAA Energy Can,4.0,3,2024-08-30
71,53,4,Whey Protein Tub (1kg),45.0,1,2024-09-08
72,77,15,Spinning Class Ticket,18.0,1,2024-09-07
73,67,6,Personal Training (1h),60.0,1,2024-08-31
74,67,6,Whey Protein Tub (1kg),45.0,1,2024-08-31
75,92,6,Peak Pulse Gym Shaker,12.0,1,2024-09-23
76,55,14,HIIT Boot Camp Pass,25.0,1,2024-09-22
77,59,8,BCAA Energy Can,4.0,1,2024-09-18
78,35,4,Resistance Bands Set,22.0,3,2024-09-26
79,66,7,Body Composition Scan,30.0,1,2024-09-20
80,58,5,Day Gym Pass,15.0,2,2024-09-06
81,55,11,Yoga Class Ticket,20.0,2,2024-09-09
82,81,9,Whey Protein Tub (1kg),45.0,4,2024-09-07
83,64,15,Whey Protein Tub (1kg),45.0,1,2024-09-26
84,30,6,Resistance Bands Set,22.0,1,2024-09-14
85,86,9,Personal Training (1h),60.0,1,2024-09-23
86,85,5,Spinning Class Ticket,18.0,4,2024-08-31
87,79,6,Nutritionist Consultation,75.0,1,2024-08-31
88,85,3,Pre-Workout Booster,35.0,2,2024-09-12
89,18,8,Peak Pulse Gym Shaker,12.0,2,2024-10-09
90,88,9,Whey Protein Tub (1kg),45.0,2,2024-10-05
91,12,8,Day Gym Pass,15.0,1,2024-10-14
92,12,8,Peak Pulse Gym Shaker,12.0,1,2024-10-14
93,32,5,Resistance Bands Set,22.0,3,2024-10-22
94,58,6,Body Composition Scan,30.0,1,2024-10-09
95,90,15,Pre-Workout Booster,35.0,2,2024-10-03
96,98,5,Nutritionist Consultation,75.0,1,2024-10-23
97,27,12,Spinning Class Ticket,18.0,1,2024-10-25
98,21,7,Day Gym Pass,15.0,1,2024-10-16
99,21,7,Peak Pulse Gym Shaker,12.0,1,2024-10-16
100,68,14,Nutritionist Consultation,75.0,1,2024-10-25
101,57,9,Day Gym Pass,15.0,1,2024-10-17
102,57,9,Peak Pulse Gym Shaker,12.0,1,2024-10-17
103,25,14,BCAA Energy Can,4.0,1,2024-10-18
104,1,8,Personal Training (1h),60.0,4,2024-10-15
105,1,8,Whey Protein Tub (1kg),45.0,1,2024-10-15
106,10,14,Yoga Class Ticket,20.0,3,2024-10-26
107,52,11,Peak Pulse Gym Shaker,12.0,2,2024-10-02
108,78,12,Personal Training (1h),60.0,1,2024-10-16
109,78,12,Whey Protein Tub (1kg),45.0,1,2024-10-16
110,84,6,Day Gym Pass,15.0,1,2024-10-23
111,84,6,Peak Pulse Gym Shaker,12.0,1,2024-10-23
112,53,6,Day Gym Pass,15.0,3,2024-10-14
113,53,6,Peak Pulse Gym Shaker,12.0,1,2024-10-14
114,68,4,Whey Protein Tub (1kg),45.0,2,2024-10-08
115,86,12,Whey Protein Tub (1kg),45.0,1,2024-10-06
116,65,13,Peak Pulse Gym Shaker,12.0,1,2024-10-11
117,9,8,Resistance Bands Set,22.0,2,2024-10-13
118,61,15,Pre-Workout Booster,35.0,2,2024-10-21
119,82,5,Pre-Workout Booster,35.0,1,2024-10-25
120,48,4,Spinning Class Ticket,18.0,1,2024-10-27
121,49,4,Day Gym Pass,15.0,1,2024-10-14
122,99,11,Nutritionist Consultation,75.0,1,2024-10-06
123,80,4,Spinning Class Ticket,18.0,1,2024-10-17
124,85,8,Pre-Workout Booster,35.0,3,2024-10-22
125,54,5,Day Gym Pass,15.0,1,2024-10-15
126,54,5,Peak Pulse Gym Shaker,12.0,1,2024-10-15
127,71,15,HIIT Boot Camp Pass,25.0,3,2024-10-21
128,100,14,Pre-Workout Booster,35.0,1,2024-10-04
129,64,8,Day Gym Pass,15.0,1,2024-10-19
130,64,8,Peak Pulse Gym Shaker,12.0,1,2024-10-19
131,47,4,BCAA Energy Can,4.0,1,2024-10-12
132,22,6,Peak Pulse Gym Shaker,12.0,2,2024-10-19
133,27,14,Resistance Bands Set,22.0,1,2024-10-07
134,99,12,Pre-Workout Booster,35.0,2,2024-10-15
135,44,2,Personal Training (1h),60.0,3,2024-10-12
136,35,5,Spinning Class Ticket,18.0,2,2024-11-12
137,50,3,Resistance Bands Set,22.0,1,2024-11-02
138,37,5,Pre-Workout Booster,35.0,2,2024-11-02
139,22,7,Resistance Bands Set,22.0,1,2024-11-08
140,49,6,Pre-Workout Booster,35.0,1,2024-11-25
141,72,14,Pre-Workout Booster,35.0,1,2024-11-15
142,67,7,Nutritionist Consultation,75.0,4,2024-11-15
143,91,9,HIIT Boot Camp Pass,25.0,1,2024-11-13
144,84,9,Pre-Workout Booster,35.0,2,2024-11-04
145,61,7,Resistance Bands Set,22.0,2,2024-11-19
146,18,7,BCAA Energy Can,4.0,2,2024-11-22
147,11,8,Nutritionist Consultation,75.0,1,2024-11-24
148,80,15,Day Gym Pass,15.0,1,2024-11-18
149,40,15,HIIT Boot Camp Pass,25.0,3,2024-11-20
150,68,4,BCAA Energy Can,4.0,1,2024-11-11
151,74,8,Spinning Class Ticket,18.0,1,2024-11-26
152,83,10,Nutritionist Consultation,75.0,1,2024-11-10
153,83,12,Whey Protein Tub (1kg),45.0,2,2024-11-10
154,3,14,Resistance Bands Set,22.0,1,2024-11-03
155,51,10,Personal Training (1h),60.0,1,2024-11-05
156,51,10,Whey Protein Tub (1kg),45.0,1,2024-11-05
157,22,12,Peak Pulse Gym Shaker,12.0,1,2024-11-04
158,52,13,HIIT Boot Camp Pass,25.0,1,2024-10-30
159,2,15,Resistance Bands Set,22.0,2,2024-11-20
160,47,4,Spinning Class Ticket,18.0,2,2024-11-05
161,24,12,Day Gym Pass,15.0,3,2024-11-08
162,54,11,HIIT Boot Camp Pass,25.0,3,2024-11-18
163,51,10,Peak Pulse Gym Shaker,12.0,1,2024-11-11
164,24,9,Yoga Class Ticket,20.0,2,2024-11-26
165,64,11,Spinning Class Ticket,18.0,3,2024-11-18
166,14,7,Spinning Class Ticket,18.0,1,2024-11-26
167,18,4,Yoga Class Ticket,20.0,2,2024-11-01
168,29,7,Peak Pulse Gym Shaker,12.0,1,2024-11-20
169,31,7,Pre-Workout Booster,35.0,1,2024-11-12
170,60,9,Personal Training (1h),60.0,1,2024-11-25
171,60,9,Whey Protein Tub (1kg),45.0,1,2024-11-25
172,82,5,Whey Protein Tub (1kg),45.0,2,2024-11-06
173,46,8,Resistance Bands Set,22.0,1,2024-11-08
174,13,14,Resistance Bands Set,22.0,1,2024-11-22
175,30,5,Yoga Class Ticket,20.0,1,2024-11-06
176,37,10,Pre-Workout Booster,35.0,1,2024-11-15
177,91,6,Body Composition Scan,30.0,1,2024-11-03
178,79,8,Peak Pulse Gym Shaker,12.0,4,2024-11-04
179,87,6,Whey Protein Tub (1kg),45.0,1,2024-11-19
180,90,9,Nutritionist Consultation,75.0,1,2024-11-17
181,90,14,Pre-Workout Booster,35.0,2,2024-11-06
182,3,5,Spinning Class Ticket,18.0,1,2024-10-30
183,92,5,HIIT Boot Camp Pass,25.0,3,2024-11-01
184,32,8,Whey Protein Tub (1kg),45.0,3,2024-11-06
185,48,5,Resistance Bands Set,22.0,1,2024-11-03
186,49,7,Resistance Bands Set,22.0,2,2024-11-26
187,23,8,Spinning Class Ticket,18.0,1,2024-11-22
188,34,4,Spinning Class Ticket,18.0,1,2024-11-02
189,81,14,Body Composition Scan,30.0,1,2024-11-21
190,59,15,Whey Protein Tub (1kg),45.0,1,2024-11-23
191,90,6,HIIT Boot Camp Pass,25.0,1,2024-11-16
192,94,10,Resistance Bands Set,22.0,3,2024-11-02
193,56,9,Personal Training (1h),60.0,1,2024-12-25
194,94,11,HIIT Boot Camp Pass,25.0,1,2024-12-21
195,76,8,Spinning Class Ticket,18.0,1,2024-12-27
196,26,5,Spinning Class Ticket,18.0,3,2024-12-25
197,55,13,HIIT Boot Camp Pass,25.0,2,2024-12-14
198,54,5,Body Composition Scan,30.0,2,2024-12-10
199,36,15,Whey Protein Tub (1kg),45.0,4,2024-12-17
200,38,6,Yoga Class Ticket,20.0,1,2024-12-11
201,61,11,Whey Protein Tub (1kg),45.0,1,2024-12-26
202,54,5,Nutritionist Consultation,75.0,2,2024-12-08
203,43,3,Pre-Workout Booster,35.0,1,2024-12-24
204,86,11,Personal Training (1h),60.0,1,2024-12-21
205,86,11,Whey Protein Tub (1kg),45.0,1,2024-12-21
206,93,10,Nutritionist Consultation,75.0,2,2024-12-04
207,41,8,HIIT Boot Camp Pass,25.0,2,2024-12-20
208,31,11,Whey Protein Tub (1kg),45.0,1,2024-12-21
209,84,5,Body Composition Scan,30.0,1,2024-12-01
210,74,10,Peak Pulse Gym Shaker,12.0,3,2024-12-06
211,45,8,BCAA Energy Can,4.0,1,2024-12-16
212,38,14,Day Gym Pass,15.0,1,2024-12-06
213,38,14,Peak Pulse Gym Shaker,12.0,1,2024-12-06
214,93,3,Nutritionist Consultation,75.0,4,2024-12-08
215,65,7,Whey Protein Tub (1kg),45.0,1,2024-12-27
216,93,9,Body Composition Scan,30.0,1,2024-12-04
217,98,9,Body Composition Scan,30.0,2,2024-12-20
218,36,4,HIIT Boot Camp Pass,25.0,1,2024-12-14
219,12,12,BCAA Energy Can,4.0,1,2024-12-15
220,82,10,Whey Protein Tub (1kg),45.0,2,2024-12-04
221,27,11,Resistance Bands Set,22.0,1,2024-12-03
222,36,3,Resistance Bands Set,22.0,1,2024-12-13
223,37,15,Whey Protein Tub (1kg),45.0,1,2024-12-22
224,50,8,Day Gym Pass,15.0,1,2024-12-01
225,50,8,Peak Pulse Gym Shaker,12.0,1,2024-12-01
226,86,7,Nutritionist Consultation,75.0,1,2024-12-04
227,31,15,HIIT Boot Camp Pass,25.0,3,2024-12-14
228,80,8,Day Gym Pass,15.0,1,2024-12-10
229,80,8,Peak Pulse Gym Shaker,12.0,1,2024-12-10
230,18,4,Day Gym Pass,15.0,2,2024-12-14
231,18,4,Peak Pulse Gym Shaker,12.0,1,2024-12-14
232,73,5,Personal Training (1h),60.0,1,2024-12-22
233,73,5,Whey Protein Tub (1kg),45.0,1,2024-12-22
234,44,11,Personal Training (1h),60.0,2,2024-12-17
235,44,11,Whey Protein Tub (1kg),45.0,1,2024-12-17
236,68,13,Spinning Class Ticket,18.0,2,2024-12-03
237,79,12,Resistance Bands Set,22.0,1,2024-12-26
238,68,10,Day Gym Pass,15.0,1,2024-12-01
239,68,10,Peak Pulse Gym Shaker,12.0,1,2024-12-01
240,32,11,HIIT Boot Camp Pass,25.0,3,2024-11-30
241,82,6,Peak Pulse Gym Shaker,12.0,1,2024-12-09
242,15,13,Day Gym Pass,15.0,2,2024-12-25
243,15,13,Peak Pulse Gym Shaker,12.0,1,2024-12-25
244,88,15,Body Composition Scan,30.0,1,2024-12-25
245,18,11,Peak Pulse Gym Shaker,12.0,1,2024-12-21
246,41,5,Yoga Class Ticket,20.0,4,2024-12-03
247,35,6,Spinning Class Ticket,18.0,2,2024-12-25
248,9,5,Nutritionist Consultation,75.0,1,2024-12-25
249,9,4,Day Gym Pass,15.0,1,2024-12-09
250,34,4,Resistance Bands Set,22.0,1,2024-12-17
251,9,6,BCAA Energy Can,4.0,1,2024-12-23
252,20,13,BCAA Energy Can,4.0,1,2024-12-15
253,37,15,Yoga Class Ticket,20.0,3,2024-12-15
254,2,6,Spinning Class Ticket,18.0,1,2024-12-19
255,79,4,Yoga Class Ticket,20.0,4,2025-01-10
256,72,4,BCAA Energy Can,4.0,1,2025-01-03
257,16,8,Yoga Class Ticket,20.0,2,2025-01-14
258,2,7,BCAA Energy Can,4.0,1,2025-01-03
259,1,8,Yoga Class Ticket,20.0,2,2025-01-09
260,47,9,Yoga Class Ticket,20.0,4,2025-01-25
261,69,6,Personal Training (1h),60.0,4,2025-01-09
262,69,6,Whey Protein Tub (1kg),45.0,1,2025-01-09
263,60,8,Spinning Class Ticket,18.0,2,2025-01-02
264,41,5,Pre-Workout Booster,35.0,1,2024-12-30
265,16,4,Day Gym Pass,15.0,3,2025-01-15
266,16,4,Peak Pulse Gym Shaker,12.0,1,2025-01-15
267,67,5,Body Composition Scan,30.0,1,2024-12-31
268,2,10,Nutritionist Consultation,75.0,1,2025-01-03
269,55,6,Personal Training (1h),60.0,1,2025-01-19
270,55,6,Whey Protein Tub (1kg),45.0,1,2025-01-19
271,1,12,Spinning Class Ticket,18.0,1,2025-01-07
272,18,10,Peak Pulse Gym Shaker,12.0,1,2025-01-02
273,87,4,Whey Protein Tub (1kg),45.0,2,2024-12-31
274,57,8,Peak Pulse Gym Shaker,12.0,1,2025-01-02
275,36,15,Personal Training (1h),60.0,1,2025-01-10
276,36,15,Whey Protein Tub (1kg),45.0,1,2025-01-10
277,81,10,Whey Protein Tub (1kg),45.0,1,2025-01-11
278,54,5,Day Gym Pass,15.0,1,2025-01-01
279,54,5,Peak Pulse Gym Shaker,12.0,1,2025-01-01
280,49,7,Pre-Workout Booster,35.0,3,2025-01-17
281,97,13,BCAA Energy Can,4.0,2,2025-01-10
282,63,5,Yoga Class Ticket,20.0,1,2025-01-13
283,97,8,Body Composition Scan,30.0,3,2025-01-19
284,11,10,Spinning Class Ticket,18.0,2,2025-01-03
285,35,12,Nutritionist Consultation,75.0,1,2025-01-22
286,32,8,Spinning Class Ticket,18.0,1,2024-12-31
287,88,13,Pre-Workout Booster,35.0,2,2025-01-17
288,33,8,HIIT Boot Camp Pass,25.0,2,2025-01-05
289,87,8,Body Composition Scan,30.0,2,2025-01-04
290,88,9,Personal Training (1h),60.0,1,2024-12-31
291,88,9,Whey Protein Tub (1kg),45.0,1,2024-12-31
292,35,4,Body Composition Scan,30.0,1,2025-01-21
293,91,2,HIIT Boot Camp Pass,25.0,2,2025-02-19
294,11,7,Spinning Class Ticket,18.0,1,2025-02-02
295,78,13,Nutritionist Consultation,75.0,1,2025-02-25
296,71,15,Resistance Bands Set,22.0,1,2025-01-29
297,87,10,Resistance Bands Set,22.0,1,2025-02-24
298,16,9,Peak Pulse Gym Shaker,12.0,1,2025-02-01
299,83,6,HIIT Boot Camp Pass,25.0,1,2025-02-13
300,36,13,Spinning Class Ticket,18.0,3,2025-02-12
301,93,7,Whey Protein Tub (1kg),45.0,2,2025-02-02
302,82,4,HIIT Boot Camp Pass,25.0,1,2025-02-20
303,57,6,Whey Protein Tub (1kg),45.0,1,2025-02-15
304,69,13,Personal Training (1h),60.0,3,2025-02-19
305,69,13,Whey Protein Tub (1kg),45.0,1,2025-02-19
306,3,7,Peak Pulse Gym Shaker,12.0,1,2025-02-14
307,37,15,BCAA Energy Can,4.0,2,2025-02-20
308,78,4,HIIT Boot Camp Pass,25.0,1,2025-02-19
309,74,11,BCAA Energy Can,4.0,1,2025-01-29
310,85,9,HIIT Boot Camp Pass,25.0,1,2025-02-20
311,70,6,HIIT Boot Camp Pass,25.0,1,2025-02-12
312,23,10,Yoga Class Ticket,20.0,1,2025-02-11
313,65,7,Personal Training (1h),60.0,3,2025-02-06
314,65,7,Whey Protein Tub (1kg),45.0,1,2025-02-06
315,69,6,Yoga Class Ticket,20.0,3,2025-01-31
316,60,8,Day Gym Pass,15.0,1,2025-02-02
317,68,4,BCAA Energy Can,4.0,1,2025-02-21
318,69,6,Resistance Bands Set,22.0,1,2025-02-20
319,78,6,Spinning Class Ticket,18.0,1,2025-02-21
320,25,12,Resistance Bands Set,22.0,2,2025-02-14
321,100,6,HIIT Boot Camp Pass,25.0,2,2025-02-07
322,77,8,Yoga Class Ticket,20.0,2,2025-01-29
323,85,12,Pre-Workout Booster,35.0,1,2025-03-18
324,40,4,Body Composition Scan,30.0,1,2025-03-19
325,68,9,Pre-Workout Booster,35.0,1,2025-03-01
326,55,10,Personal Training (1h),60.0,1,2025-03-11
327,94,11,Nutritionist Consultation,75.0,1,2025-03-03
328,99,13,Body Composition Scan,30.0,1,2025-03-13
329,58,13,HIIT Boot Camp Pass,25.0,2,2025-03-06
330,39,4,Whey Protein Tub (1kg),45.0,3,2025-03-17
331,1,8,Spinning Class Ticket,18.0,1,2025-03-09
332,65,7,Yoga Class Ticket,20.0,1,2025-03-16
333,4,10,Yoga Class Ticket,20.0,1,2025-03-14
334,20,8,Day Gym Pass,15.0,1,2025-03-25
335,20,8,Peak Pulse Gym Shaker,12.0,1,2025-03-25
336,10,11,Resistance Bands Set,22.0,1,2025-03-24
337,42,6,Whey Protein Tub (1kg),45.0,1,2025-03-15
338,21,7,Yoga Class Ticket,20.0,1,2025-03-21
339,76,12,Day Gym Pass,15.0,3,2025-03-19
340,76,12,Peak Pulse Gym Shaker,12.0,1,2025-03-19
341,77,6,Personal Training (1h),60.0,2,2025-03-04
342,77,6,Whey Protein Tub (1kg),45.0,1,2025-03-04
343,51,13,BCAA Energy Can,4.0,4,2025-03-06
344,70,8,Yoga Class Ticket,20.0,1,2025-03-06
345,93,7,Whey Protein Tub (1kg),45.0,1,2025-03-05
346,1,11,Peak Pulse Gym Shaker,12.0,2,2025-03-11
347,87,7,Yoga Class Ticket,20.0,2,2025-03-22
348,17,5,Resistance Bands Set,22.0,1,2025-03-10
349,73,7,HIIT Boot Camp Pass,25.0,1,2025-03-02
350,19,12,Spinning Class Ticket,18.0,1,2025-03-05
351,73,2,Pre-Workout Booster,35.0,1,2025-03-17
352,50,8,Spinning Class Ticket,18.0,1,2025-03-22
353,9,10,Resistance Bands Set,22.0,1,2025-04-04
354,100,11,BCAA Energy Can,4.0,1,2025-04-18
355,4,10,Spinning Class Ticket,18.0,1,2025-04-01
356,94,6,BCAA Energy Can,4.0,3,2025-04-10
357,14,13,BCAA Energy Can,4.0,1,2025-04-02
358,28,15,Spinning Class Ticket,18.0,1,2025-04-21
359,91,8,Personal Training (1h),60.0,1,2025-04-08
360,91,8,Whey Protein Tub (1kg),45.0,1,2025-04-08
361,78,15,Spinning Class Ticket,18.0,1,2025-04-10
362,38,8,Nutritionist Consultation,75.0,3,2025-04-24
363,76,12,Personal Training (1h),60.0,1,2025-04-25
364,54,4,Pre-Workout Booster,35.0,2,2025-04-22
365,57,14,Body Composition Scan,30.0,2,2025-04-13
366,65,15,Yoga Class Ticket,20.0,2,2025-03-31
367,74,10,Day Gym Pass,15.0,2,2025-04-16
368,74,10,Peak Pulse Gym Shaker,12.0,1,2025-04-16
369,60,11,Nutritionist Consultation,75.0,1,2025-04-14
370,73,9,Yoga Class Ticket,20.0,2,2025-04-04
371,87,10,BCAA Energy Can,4.0,2,2025-04-12
372,13,12,Spinning Class Ticket,18.0,1,2025-04-10
373,21,5,Spinning Class Ticket,18.0,1,2025-04-12
374,88,11,Personal Training (1h),60.0,1,2025-04-24
375,88,11,Whey Protein Tub (1kg),45.0,1,2025-04-24
376,72,9,Peak Pulse Gym Shaker,12.0,1,2025-04-16
377,81,9,Whey Protein Tub (1kg),45.0,1,2025-04-27
378,41,4,Pre-Workout Booster,35.0,1,2025-04-12
379,38,7,Spinning Class Ticket,18.0,3,2025-04-18
380,9,6,Day Gym Pass,15.0,1,2025-04-15
381,9,6,Peak Pulse Gym Shaker,12.0,1,2025-04-15
382,78,12,Resistance Bands Set,22.0,2,2025-04-13
383,55,7,Yoga Class Ticket,20.0,1,2025-05-26
384,38,4,Yoga Class Ticket,20.0,2,2025-05-01
385,52,10,Yoga Class Ticket,20.0,4,2025-05-12
386,29,9,Body Composition Scan,30.0,1,2025-05-12
387,86,4,Spinning Class Ticket,18.0,1,2025-05-04
388,78,8,Resistance Bands Set,22.0,1,2025-05-09
389,36,6,Nutritionist Consultation,75.0,1,2025-05-17
390,22,7,Peak Pulse Gym Shaker,12.0,2,2025-05-14
391,11,4,Yoga Class Ticket,20.0,1,2025-05-15
392,30,13,Spinning Class Ticket,18.0,1,2025-05-15
393,90,11,Peak Pulse Gym Shaker,12.0,1,2025-05-27
394,79,15,Nutritionist Consultation,75.0,2,2025-05-26
395,34,4,HIIT Boot Camp Pass,25.0,1,2025-05-01
396,66,2,Personal Training (1h),60.0,2,2025-05-21
397,66,2,Whey Protein Tub (1kg),45.0,1,2025-05-21
398,46,8,BCAA Energy Can,4.0,1,2025-05-23
399,87,8,Pre-Workout Booster,35.0,1,2025-05-28
400,83,9,Nutritionist Consultation,75.0,1,2025-05-17
401,50,9,BCAA Energy Can,4.0,1,2025-05-22
402,9,8,Peak Pulse Gym Shaker,12.0,1,2025-05-06
403,29,5,Spinning Class Ticket,18.0,1,2025-05-22
404,4,4,Body Composition Scan,30.0,2,2025-05-15
405,32,8,Personal Training (1h),60.0,1,2025-05-10
406,32,8,Whey Protein Tub (1kg),45.0,1,2025-05-10
407,42,4,Resistance Bands Set,22.0,1,2025-05-20
408,51,8,Spinning Class Ticket,18.0,1,2025-05-26
409,35,4,Yoga Class Ticket,20.0,2,2025-05-10
410,19,6,Peak Pulse Gym Shaker,12.0,2,2025-05-03
411,16,11,Yoga Class Ticket,20.0,4,2025-05-22
412,12,9,BCAA Energy Can,4.0,4,2025-06-10
413,68,6,Peak Pulse Gym Shaker,12.0,1,2025-06-10
414,91,14,Day Gym Pass,15.0,2,2025-06-08
415,91,14,Peak Pulse Gym Shaker,12.0,1,2025-06-08
416,24,6,Day Gym Pass,15.0,4,2025-06-10
417,24,6,Peak Pulse Gym Shaker,12.0,1,2025-06-10
418,93,6,Body Composition Scan,30.0,1,2025-06-12
419,2,6,Spinning Class Ticket,18.0,2,2025-06-11
420,30,14,Spinning Class Ticket,18.0,2,2025-06-18
421,33,6,Whey Protein Tub (1kg),45.0,1,2025-06-18
422,88,13,Pre-Workout Booster,35.0,2,2025-06-04
423,18,10,Yoga Class Ticket,20.0,4,2025-06-26
424,48,6,Day Gym Pass,15.0,1,2025-06-11
425,48,6,Peak Pulse Gym Shaker,12.0,1,2025-06-11
426,36,6,Day Gym Pass,15.0,1,2025-06-14
427,47,12,BCAA Energy Can,4.0,2,2025-06-27
428,82,9,Personal Training (1h),60.0,2,2025-06-07
429,82,9,Whey Protein Tub (1kg),45.0,1,2025-06-07
430,3,7,Spinning Class Ticket,18.0,1,2025-06-16
431,9,8,Yoga Class Ticket,20.0,4,2025-06-17
432,12,15,Peak Pulse Gym Shaker,12.0,1,2025-06-17
433,48,15,Day Gym Pass,15.0,1,2025-06-21
434,48,15,Peak Pulse Gym Shaker,12.0,1,2025-06-21
435,47,5,Nutritionist Consultation,75.0,2,2025-06-07
436,57,11,Day Gym Pass,15.0,3,2025-06-20
437,57,11,Peak Pulse Gym Shaker,12.0,1,2025-06-20
438,66,12,HIIT Boot Camp Pass,25.0,4,2025-06-02
439,45,2,Peak Pulse Gym Shaker,12.0,2,2025-06-19
440,53,5,Personal Training (1h),60.0,2,2025-06-25
441,53,5,Whey Protein Tub (1kg),45.0,1,2025-06-25
442,73,12,Peak Pulse Gym Shaker,12.0,1,2025-06-16
443,50,15,Body Composition Scan,30.0,1,2025-06-01
444,1,7,Resistance Bands Set,22.0,1,2025-06-22
445,26,5,Spinning Class Ticket,18.0,1,2025-06-14
446,9,8,Body Composition Scan,30.0,1,2025-07-09
447,71,13,Yoga Class Ticket,20.0,1,2025-07-18
448,44,10,HIIT Boot Camp Pass,25.0,1,2025-07-15
449,24,7,BCAA Energy Can,4.0,1,2025-07-23
450,86,14,HIIT Boot Camp Pass,25.0,2,2025-07-15
451,11,5,BCAA Energy Can,4.0,2,2025-07-24
452,88,12,Personal Training (1h),60.0,1,2025-07-15
453,15,8,Resistance Bands Set,22.0,4,2025-07-12
454,96,7,Nutritionist Consultation,75.0,3,2025-07-01
455,83,13,Nutritionist Consultation,75.0,1,2025-07-01
456,23,9,BCAA Energy Can,4.0,1,2025-07-03
457,31,11,Nutritionist Consultation,75.0,2,2025-07-17
458,84,4,Nutritionist Consultation,75.0,2,2025-07-05
459,73,6,HIIT Boot Camp Pass,25.0,2,2025-07-24
460,63,7,Body Composition Scan,30.0,2,2025-07-17
461,50,10,Nutritionist Consultation,75.0,1,2025-07-04
462,25,11,Peak Pulse Gym Shaker,12.0,1,2025-08-19
463,71,15,Pre-Workout Booster,35.0,2,2025-08-19
464,73,9,Pre-Workout Booster,35.0,1,2025-08-14
465,62,4,HIIT Boot Camp Pass,25.0,3,2025-08-19
466,44,11,Nutritionist Consultation,75.0,2,2025-08-12
467,100,6,Resistance Bands Set,22.0,1,2025-08-07
468,71,5,Personal Training (1h),60.0,1,2025-08-26
469,10,10,BCAA Energy Can,4.0,2,2025-08-11
470,25,4,Yoga Class Ticket,20.0,2,2025-08-14
471,66,7,Whey Protein Tub (1kg),45.0,1,2025-08-11
472,42,15,Day Gym Pass,15.0,4,2025-08-22
473,42,15,Peak Pulse Gym Shaker,12.0,1,2025-08-22
474,67,7,Pre-Workout Booster,35.0,3,2025-08-25
475,10,5,Day Gym Pass,15.0,1,2025-08-26
476,10,5,Peak Pulse Gym Shaker,12.0,1,2025-08-26
477,61,4,Resistance Bands Set,22.0,1,2025-08-10
478,33,7,Day Gym Pass,15.0,3,2025-08-25
479,33,7,Peak Pulse Gym Shaker,12.0,1,2025-08-25
480,76,13,Peak Pulse Gym Shaker,12.0,2,2025-08-21
481,50,5,BCAA Energy Can,4.0,1,2025-08-10
482,68,15,Body Composition Scan,30.0,1,2025-09-23
483,29,8,Spinning Class Ticket,18.0,1,2025-09-18
484,29,7,Spinning Class Ticket,18.0,1,2025-09-01
485,32,5,Pre-Workout Booster,35.0,2,2025-09-13
486,65,8,Personal Training (1h),60.0,1,2025-09-18
487,65,8,Whey Protein Tub (1kg),45.0,1,2025-09-18
488,86,7,Whey Protein Tub (1kg),45.0,1,2025-09-07
489,44,5,Resistance Bands Set,22.0,2,2025-09-24
490,57,7,Resistance Bands Set,22.0,3,2025-09-05
491,68,9,Whey Protein Tub (1kg),45.0,1,2025-09-22
492,63,4,Nutritionist Consultation,75.0,1,2025-09-26
493,29,15,Peak Pulse Gym Shaker,12.0,2,2025-09-17
494,67,11,Body Composition Scan,30.0,3,2025-09-05
495,17,8,Yoga Class Ticket,20.0,1,2025-08-31
496,15,5,Spinning Class Ticket,18.0,1,2025-09-12
497,85,14,Personal Training (1h),60.0,1,2025-08-30
498,85,14,Whey Protein Tub (1kg),45.0,1,2025-08-30
499,94,9,HIIT Boot Camp Pass,25.0,1,2025-09-10
500,49,7,Personal Training (1h),60.0,1,2025-09-22
501,49,7,Whey Protein Tub (1kg),45.0,1,2025-09-22
502,23,5,Spinning Class Ticket,18.0,1,2025-09-17
503,50,15,Body Composition Scan,30.0,1,2025-09-23
504,19,11,Resistance Bands Set,22.0,1,2025-09-12
505,91,4,Body Composition Scan,30.0,1,2025-09-13
506,15,3,Yoga Class Ticket,20.0,1,2025-09-03
507,12,4,BCAA Energy Can,4.0,2,2025-09-10
508,94,10,Yoga Class Ticket,20.0,1,2025-09-12
509,47,5,Whey Protein Tub (1kg),45.0,1,2025-09-25
510,60,15,Personal Training (1h),60.0,1,2025-09-08
511,90,15,HIIT Boot Camp Pass,25.0,3,2025-10-12
512,65,10,Resistance Bands Set,22.0,1,2025-10-24
513,69,10,Peak Pulse Gym Shaker,12.0,2,2025-09-30
514,41,8,Yoga Class Ticket,20.0,1,2025-10-07
515,29,10,Personal Training (1h),60.0,4,2025-10-27
516,53,10,Nutritionist Consultation,75.0,4,2025-10-06
517,51,12,Nutritionist Consultation,75.0,2,2025-10-25
518,45,15,Peak Pulse Gym Shaker,12.0,1,2025-09-30
519,62,5,Nutritionist Consultation,75.0,3,2025-10-14
520,28,4,Resistance Bands Set,22.0,2,2025-10-27
521,39,6,Pre-Workout Booster,35.0,1,2025-10-20
522,87,14,Yoga Class Ticket,20.0,1,2025-10-01
523,95,9,Personal Training (1h),60.0,1,2025-10-12
524,95,9,Whey Protein Tub (1kg),45.0,1,2025-10-12
525,58,9,Day Gym Pass,15.0,2,2025-10-25
526,46,7,Day Gym Pass,15.0,1,2025-09-30
527,70,7,Body Composition Scan,30.0,1,2025-10-14
528,44,13,Resistance Bands Set,22.0,1,2025-10-24
529,88,4,Nutritionist Consultation,75.0,1,2025-10-07
530,65,6,Whey Protein Tub (1kg),45.0,1,2025-10-19
531,14,14,Resistance Bands Set,22.0,1,2025-10-12
532,23,8,Yoga Class Ticket,20.0,2,2025-10-15
533,96,14,Day Gym Pass,15.0,1,2025-10-07
534,28,8,Spinning Class Ticket,18.0,1,2025-10-12
535,92,9,HIIT Boot Camp Pass,25.0,1,2025-10-06
536,36,9,Peak Pulse Gym Shaker,12.0,1,2025-10-20
537,33,9,Spinning Class Ticket,18.0,2,2025-10-22
538,17,4,Yoga Class Ticket,20.0,1,2025-10-25
539,93,5,Yoga Class Ticket,20.0,1,2025-10-03
540,11,14,Resistance Bands Set,22.0,1,2025-10-18
541,11,13,BCAA Energy Can,4.0,1,2025-10-26
542,19,9,Day Gym Pass,15.0,1,2025-10-22
543,19,9,Peak Pulse Gym Shaker,12.0,1,2025-10-22
544,66,5,Peak Pulse Gym Shaker,12.0,1,2025-10-10
545,70,11,Resistance Bands Set,22.0,1,2025-10-22
546,93,11,HIIT Boot Camp Pass,25.0,1,2025-10-06
547,96,9,Nutritionist Consultation,75.0,1,2025-10-24
548,16,4,BCAA Energy Can,4.0,1,2025-10-23
549,55,4,Body Composition Scan,30.0,1,2025-11-21
550,12,6,BCAA Energy Can,4.0,3,2025-11-22
551,78,4,Body Composition Scan,30.0,2,2025-11-16
552,96,11,Nutritionist Consultation,75.0,2,2025-11-12
553,92,4,Whey Protein Tub (1kg),45.0,2,2025-11-09
554,74,13,Spinning Class Ticket,18.0,2,2025-11-17
555,16,12,Whey Protein Tub (1kg),45.0,2,2025-11-01
556,16,9,Day Gym Pass,15.0,1,2025-11-19
557,16,9,Peak Pulse Gym Shaker,12.0,1,2025-11-19
558,42,5,Nutritionist Consultation,75.0,2,2025-11-05
559,3,9,BCAA Energy Can,4.0,3,2025-11-23
560,91,6,HIIT Boot Camp Pass,25.0,1,2025-11-15
561,38,4,Nutritionist Consultation,75.0,3,2025-11-18
562,55,5,Resistance Bands Set,22.0,2,2025-11-24
563,94,7,Whey Protein Tub (1kg),45.0,1,2025-11-22
564,39,4,BCAA Energy Can,4.0,2,2025-11-18
565,21,7,Day Gym Pass,15.0,3,2025-11-12
566,82,14,Nutritionist Consultation,75.0,2,2025-11-26
567,63,5,Spinning Class Ticket,18.0,1,2025-11-07
568,77,8,BCAA Energy Can,4.0,1,2025-11-16
569,84,4,Whey Protein Tub (1kg),45.0,3,2025-11-16
570,22,9,BCAA Energy Can,4.0,2,2025-11-18
571,21,7,Spinning Class Ticket,18.0,4,2025-11-08
572,23,14,Resistance Bands Set,22.0,1,2025-11-06
573,55,15,Whey Protein Tub (1kg),45.0,2,2025-11-23
574,87,3,Spinning Class Ticket,18.0,3,2025-11-10
575,80,5,Day Gym Pass,15.0,2,2025-11-07
576,67,8,BCAA Energy Can,4.0,1,2025-11-16
577,73,5,Peak Pulse Gym Shaker,12.0,3,2025-11-02
578,68,12,Whey Protein Tub (1kg),45.0,1,2025-11-01
579,82,5,Spinning Class Ticket,18.0,1,2025-11-26
580,39,5,Body Composition Scan,30.0,1,2025-11-23
581,17,4,Day Gym Pass,15.0,2,2025-11-23
582,18,15,Yoga Class Ticket,20.0,1,2025-11-24
583,17,8,Spinning Class Ticket,18.0,1,2025-11-09
584,38,9,HIIT Boot Camp Pass,25.0,4,2025-11-04
585,64,7,Yoga Class Ticket,20.0,1,2025-11-13
586,52,12,Body Composition Scan,30.0,4,2025-10-30
587,57,7,Personal Training (1h),60.0,1,2025-10-31
588,57,7,Whey Protein Tub (1kg),45.0,1,2025-10-31
589,16,3,Spinning Class Ticket,18.0,1,2025-11-18
590,83,12,Personal Training (1h),60.0,1,2025-11-12
591,83,12,Whey Protein Tub (1kg),45.0,1,2025-11-12
592,34,14,Spinning Class Ticket,18.0,1,2025-11-24
593,96,11,Personal Training (1h),60.0,2,2025-11-25
594,96,11,Whey Protein Tub (1kg),45.0,1,2025-11-25
595,20,10,Resistance Bands Set,22.0,1,2025-11-06
596,96,15,Spinning Class Ticket,18.0,1,2025-11-04
597,42,13,BCAA Energy Can,4.0,1,2025-11-13
598,85,5,HIIT Boot Camp Pass,25.0,1,2025-11-22
599,95,13,Pre-Workout Booster,35.0,1,2025-11-03
600,51,8,HIIT Boot Camp Pass,25.0,4,2025-11-12
601,83,13,Spinning Class Ticket,18.0,4,2025-11-03
602,70,11,Resistance Bands Set,22.0,1,2025-11-03
603,92,13,Nutritionist Consultation,75.0,1,2025-11-03
604,90,8,HIIT Boot Camp Pass,25.0,1,2025-11-08
605,93,15,Peak Pulse Gym Shaker,12.0,1,2025-11-09
606,4,14,Peak Pulse Gym Shaker,12.0,2,2025-11-14
607,77,6,Nutritionist Consultation,75.0,1,2025-11-07
608,85,5,Peak Pulse Gym Shaker,12.0,1,2025-11-17
609,21,9,Peak Pulse Gym Shaker,12.0,1,2025-12-10
610,47,13,Nutritionist Consultation,75.0,1,2025-12-11
611,10,7,Resistance Bands Set,22.0,2,2025-12-18
612,62,2,Resistance Bands Set,22.0,2,2025-12-14
613,34,9,Personal Training (1h),60.0,1,2025-12-01
614,34,9,Whey Protein Tub (1kg),45.0,1,2025-12-01
615,75,11,Pre-Workout Booster,35.0,2,2025-12-11
616,16,13,Nutritionist Consultation,75.0,1,2025-12-21
617,66,8,Yoga Class Ticket,20.0,1,2025-12-04
618,1,11,Resistance Bands Set,22.0,1,2025-12-20
619,87,9,Pre-Workout Booster,35.0,1,2025-12-13
620,93,4,Day Gym Pass,15.0,1,2025-12-17
621,93,4,Peak Pulse Gym Shaker,12.0,1,2025-12-17
622,61,10,Day Gym Pass,15.0,1,2025-12-09
623,94,7,Personal Training (1h),60.0,1,2025-12-15
624,94,7,Whey Protein Tub (1kg),45.0,1,2025-12-15
625,30,4,Yoga Class Ticket,20.0,1,2025-12-08
626,26,8,Resistance Bands Set,22.0,1,2025-12-21
627,22,7,Peak Pulse Gym Shaker,12.0,1,2025-12-13
628,1,8,Yoga Class Ticket,20.0,1,2025-12-18
629,17,7,Spinning Class Ticket,18.0,1,2025-12-20
630,82,5,Nutritionist Consultation,75.0,2,2025-12-23
631,93,8,Body Composition Scan,30.0,1,2025-12-03
632,70,7,Whey Protein Tub (1kg),45.0,2,2025-12-10
633,33,5,Peak Pulse Gym Shaker,12.0,2,2025-12-20
634,35,8,Yoga Class Ticket,20.0,3,2025-12-02
635,72,5,Day Gym Pass,15.0,2,2025-12-05
636,32,8,HIIT Boot Camp Pass,25.0,1,2025-12-21
637,10,11,BCAA Energy Can,4.0,1,2025-12-02
638,78,9,Day Gym Pass,15.0,1,2025-12-18
639,78,9,Peak Pulse Gym Shaker,12.0,1,2025-12-18
640,76,8,Peak Pulse Gym Shaker,12.0,1,2025-12-19
641,92,14,Pre-Workout Booster,35.0,1,2025-12-05
642,38,9,Resistance Bands Set,22.0,1,2025-12-03
643,93,5,HIIT Boot Camp Pass,25.0,1,2025-12-12
644,63,5,Nutritionist Consultation,75.0,1,2025-12-02
645,41,6,Personal Training (1h),60.0,1,2025-12-19
646,57,4,Day Gym Pass,15.0,4,2025-12-20
647,55,5,Yoga Class Ticket,20.0,1,2025-12-01
648,19,5,Pre-Workout Booster,35.0,1,2025-12-26
649,65,13,HIIT Boot Camp Pass,25.0,1,2025-11-30
650,28,14,Peak Pulse Gym Shaker,12.0,1,2025-12-03
651,51,6,Resistance Bands Set,22.0,3,2025-12-25
652,21,7,Yoga Class Ticket,20.0,1,2025-12-12
653,51,13,BCAA Energy Can,4.0,1,2025-12-15
654,59,6,Pre-Workout Booster,35.0,1,2025-12-19
655,9,7,Day Gym Pass,15.0,1,2025-12-08
656,9,7,Peak Pulse Gym Shaker,12.0,1,2025-12-08
657,28,8,Spinning Class Ticket,18.0,2,2025-11-30
658,25,12,Peak Pulse Gym Shaker,12.0,3,2025-12-17
659,48,8,Day Gym Pass,15.0,4,2025-12-22
660,48,8,Peak Pulse Gym Shaker,12.0,1,2025-12-22
661,20,8,Nutritionist Consultation,75.0,1,2025-12-18
662,82,3,Body Composition Scan,30.0,1,2025-12-03
663,21,4,Day Gym Pass,15.0,1,2025-12-14
664,21,4,Peak Pulse Gym Shaker,12.0,1,2025-12-14
665,80,8,Spinning Class Ticket,18.0,1,2025-12-20
666,89,12,Yoga Class Ticket,20.0,2,2025-12-15
667,83,14,Nutritionist Consultation,75.0,1,2025-12-10
668,21,4,Yoga Class Ticket,20.0,2,2025-12-17
669,14,6,Peak Pulse Gym Shaker,12.0,1,2025-11-29
670,41,5,Resistance Bands Set,22.0,1,2025-12-13
671,80,8,BCAA Energy Can,4.0,1,2025-12-05
672,21,8,Day Gym Pass,15.0,1,2026-01-10
673,72,5,Spinning Class Ticket,18.0,4,2026-01-16
674,48,15,Pre-Workout Booster,35.0,2,2026-01-12
675,27,4,Peak Pulse Gym Shaker,12.0,1,2026-01-17
676,40,11,Whey Protein Tub (1kg),45.0,1,2026-01-01
677,24,7,Resistance Bands Set,22.0,1,2026-01-16
678,81,7,Nutritionist Consultation,75.0,3,2026-01-16
679,23,9,Pre-Workout Booster,35.0,1,2026-01-09
680,47,6,Personal Training (1h),60.0,4,2026-01-20
681,47,6,Whey Protein Tub (1kg),45.0,1,2026-01-20
682,25,2,Nutritionist Consultation,75.0,3,2026-01-17
683,59,14,BCAA Energy Can,4.0,1,2026-01-11
684,19,9,BCAA Energy Can,4.0,1,2026-01-10
685,57,14,Pre-Workout Booster,35.0,1,2026-01-21
686,91,10,HIIT Boot Camp Pass,25.0,1,2026-01-18
687,42,15,Nutritionist Consultation,75.0,1,2026-01-20
688,52,10,Spinning Class Ticket,18.0,1,2026-01-04
689,66,10,Pre-Workout Booster,35.0,2,2026-01-01
690,22,14,Day Gym Pass,15.0,1,2026-01-14
691,22,14,Peak Pulse Gym Shaker,12.0,1,2026-01-14
692,83,5,Pre-Workout Booster,35.0,1,2026-01-09
693,81,6,Yoga Class Ticket,20.0,2,2026-01-03
694,89,7,Whey Protein Tub (1kg),45.0,2,2026-01-20
695,22,11,Yoga Class Ticket,20.0,1,2025-12-31
696,79,4,Body Composition Scan,30.0,1,2026-01-26
697,99,14,Nutritionist Consultation,75.0,1,2026-01-18
698,68,5,Resistance Bands Set,22.0,2,2026-01-07
699,42,4,Peak Pulse Gym Shaker,12.0,1,2026-01-25
700,55,10,Pre-Workout Booster,35.0,1,2026-01-09
701,37,4,Personal Training (1h),60.0,1,2026-01-19
702,37,4,Whey Protein Tub (1kg),45.0,1,2026-01-19
703,29,4,Yoga Class Ticket,20.0,1,2026-01-07
704,26,10,Yoga Class Ticket,20.0,1,2026-02-14
705,64,11,HIIT Boot Camp Pass,25.0,2,2026-02-10
706,57,5,Pre-Workout Booster,35.0,1,2026-02-11
707,46,11,Yoga Class Ticket,20.0,3,2026-02-19
708,85,10,Day Gym Pass,15.0,1,2026-02-15
709,85,10,Peak Pulse Gym Shaker,12.0,1,2026-02-15
710,50,11,Whey Protein Tub (1kg),45.0,1,2026-02-04
711,46,14,Body Composition Scan,30.0,3,2026-02-08
712,39,6,Day Gym Pass,15.0,1,2026-02-03
713,39,6,Peak Pulse Gym Shaker,12.0,1,2026-02-03
714,82,6,Personal Training (1h),60.0,1,2026-02-11
715,82,6,Whey Protein Tub (1kg),45.0,1,2026-02-11
716,80,10,Nutritionist Consultation,75.0,1,2026-02-11
717,15,8,BCAA Energy Can,4.0,1,2026-02-11
718,87,5,Pre-Workout Booster,35.0,2,2026-02-05
719,74,9,Peak Pulse Gym Shaker,12.0,1,2026-02-01
720,25,14,Yoga Class Ticket,20.0,2,2026-02-20
721,76,4,Yoga Class Ticket,20.0,2,2026-02-08
722,50,15,HIIT Boot Camp Pass,25.0,1,2026-02-17
723,98,7,Whey Protein Tub (1kg),45.0,1,2026-02-09
724,12,6,Spinning Class Ticket,18.0,1,2026-02-08
725,21,9,BCAA Energy Can,4.0,1,2026-02-09
726,30,8,Peak Pulse Gym Shaker,12.0,1,2026-02-24
727,15,7,Yoga Class Ticket,20.0,1,2026-02-17
728,67,7,Personal Training (1h),60.0,1,2026-02-14
729,67,7,Whey Protein Tub (1kg),45.0,1,2026-02-14
730,13,6,BCAA Energy Can,4.0,2,2026-02-09
731,43,4,Peak Pulse Gym Shaker,12.0,1,2026-02-01
732,37,6,BCAA Energy Can,4.0,1,2026-02-06
733,46,6,Spinning Class Ticket,18.0,3,2026-03-03
734,19,11,Spinning Class Ticket,18.0,1,2026-03-22
735,89,13,Whey Protein Tub (1kg),45.0,1,2026-03-16
736,2,6,Day Gym Pass,15.0,1,2026-03-08
737,71,13,Whey Protein Tub (1kg),45.0,1,2026-03-23
738,54,6,HIIT Boot Camp Pass,25.0,4,2026-03-21
739,35,7,HIIT Boot Camp Pass,25.0,1,2026-03-07
740,28,5,Peak Pulse Gym Shaker,12.0,4,2026-03-09
741,4,4,Spinning Class Ticket,18.0,2,2026-03-25
742,24,15,Day Gym Pass,15.0,1,2026-03-14
743,54,10,Spinning Class Ticket,18.0,1,2026-03-08
744,55,8,Resistance Bands Set,22.0,1,2026-03-06
745,92,12,HIIT Boot Camp Pass,25.0,1,2026-03-19
746,39,10,Peak Pulse Gym Shaker,12.0,1,2026-03-13
747,70,12,HIIT Boot Camp Pass,25.0,3,2026-03-28
748,81,9,Pre-Workout Booster,35.0,1,2026-03-23
749,42,5,HIIT Boot Camp Pass,25.0,2,2026-03-26
750,23,8,Spinning Class Ticket,18.0,2,2026-03-01
751,43,5,Spinning Class Ticket,18.0,2,2026-03-23
752,44,7,BCAA Energy Can,4.0,1,2026-03-20
753,1,5,BCAA Energy Can,4.0,3,2026-03-12
754,78,4,Yoga Class Ticket,20.0,2,2026-03-14
755,80,4,Resistance Bands Set,22.0,1,2026-03-01
756,35,5,Peak Pulse Gym Shaker,12.0,1,2026-03-16
757,72,9,Day Gym Pass,15.0,2,2026-03-08
758,16,6,BCAA Energy Can,4.0,1,2026-03-11
759,2,13,Yoga Class Ticket,20.0,1,2026-03-17
760,75,5,Body Composition Scan,30.0,1,2026-03-05
761,39,5,Spinning Class Ticket,18.0,1,2026-03-22
762,24,4,Resistance Bands Set,22.0,2,2026-03-13
763,90,9,Nutritionist Consultation,75.0,1,2026-03-27
764,36,8,BCAA Energy Can,4.0,1,2026-03-23
765,28,15,Resistance Bands Set,22.0,1,2026-03-11
766,46,4,Yoga Class Ticket,20.0,1,2026-03-17
767,66,12,Day Gym Pass,15.0,1,2026-04-14
768,66,12,Peak Pulse Gym Shaker,12.0,1,2026-04-14
769,96,5,Pre-Workout Booster,35.0,2,2026-04-12
770,21,15,Spinning Class Ticket,18.0,3,2026-04-14
771,43,12,Whey Protein Tub (1kg),45.0,3,2026-04-22
772,54,12,Whey Protein Tub (1kg),45.0,4,2026-04-22
773,13,15,Spinning Class Ticket,18.0,4,2026-04-21
774,57,7,Body Composition Scan,30.0,3,2026-04-14
775,55,14,BCAA Energy Can,4.0,1,2026-04-21
776,55,7,Resistance Bands Set,22.0,1,2026-04-27
777,55,4,HIIT Boot Camp Pass,25.0,2,2026-04-08
778,88,4,Nutritionist Consultation,75.0,1,2026-04-16
779,20,15,Day Gym Pass,15.0,1,2026-04-09
780,20,15,Peak Pulse Gym Shaker,12.0,1,2026-04-09
781,19,7,Peak Pulse Gym Shaker,12.0,1,2026-04-26
782,3,6,Resistance Bands Set,22.0,1,2026-04-06
783,9,9,Peak Pulse Gym Shaker,12.0,3,2026-04-26
784,43,4,Nutritionist Consultation,75.0,2,2026-04-05
785,65,9,Nutritionist Consultation,75.0,1,2026-04-15
786,87,7,Pre-Workout Booster,35.0,1,2026-04-03
787,72,11,Spinning Class Ticket,18.0,1,2026-04-04
788,40,14,Pre-Workout Booster,35.0,1,2026-04-09
789,64,9,BCAA Energy Can,4.0,1,2026-04-11
790,34,6,Day Gym Pass,15.0,3,2026-04-10
791,34,6,Peak Pulse Gym Shaker,12.0,1,2026-04-10
792,100,8,Pre-Workout Booster,35.0,1,2026-04-19
793,70,7,Spinning Class Ticket,18.0,3,2026-04-07
794,91,8,HIIT Boot Camp Pass,25.0,1,2026-04-12
795,71,8,Spinning Class Ticket,18.0,3,2026-05-19
796,99,7,HIIT Boot Camp Pass,25.0,1,2026-05-19
797,36,5,Day Gym Pass,15.0,1,2026-05-10
798,36,5,Peak Pulse Gym Shaker,12.0,1,2026-05-10
799,96,7,Body Composition Scan,30.0,2,2026-05-04
800,84,9,Pre-Workout Booster,35.0,1,2026-05-12
801,27,11,BCAA Energy Can,4.0,1,2026-05-18
802,95,5,Nutritionist Consultation,75.0,1,2026-05-20
803,18,13,Resistance Bands Set,22.0,1,2026-05-09
804,38,7,Nutritionist Consultation,75.0,2,2026-05-26
805,52,5,Peak Pulse Gym Shaker,12.0,1,2026-05-10
806,30,7,Pre-Workout Booster,35.0,2,2026-05-21
807,48,12,Resistance Bands Set,22.0,1,2026-05-22
808,36,7,Nutritionist Consultation,75.0,1,2026-05-14
809,55,7,Whey Protein Tub (1kg),45.0,1,2026-05-01
810,1,15,Day Gym Pass,15.0,1,2026-04-30
811,1,15,Peak Pulse Gym Shaker,12.0,1,2026-04-30
812,60,8,Yoga Class Ticket,20.0,2,2026-05-11
813,23,11,Yoga Class Ticket,20.0,1,2026-05-18
814,77,13,Personal Training (1h),60.0,1,2026-05-14
815,43,6,Whey Protein Tub (1kg),45.0,2,2026-05-02
816,71,14,Personal Training (1h),60.0,1,2026-05-10
817,52,5,Nutritionist Consultation,75.0,3,2026-05-02
818,13,11,Peak Pulse Gym Shaker,12.0,1,2026-05-04
819,24,12,Yoga Class Ticket,20.0,2,2026-05-17
820,78,7,Nutritionist Consultation,75.0,2,2026-05-10
821,87,4,Spinning Class Ticket,18.0,2,2026-05-10
822,3,6,Yoga Class Ticket,20.0,1,2026-05-24
823,86,6,Spinning Class Ticket,18.0,2,2026-05-01
824,73,5,Resistance Bands Set,22.0,2,2026-05-18
825,78,4,Day Gym Pass,15.0,2,2026-05-18
826,27,7,BCAA Energy Can,4.0,2,2026-05-22
827,80,5,Whey Protein Tub (1kg),45.0,1,2026-05-14
828,23,9,Peak Pulse Gym Shaker,12.0,1,2026-05-26
829,82,4,Resistance Bands Set,22.0,2,2026-04-30
830,83,9,Body Composition Scan,30.0,2,2026-06-04
831,41,5,Resistance Bands Set,22.0,1,2026-06-09
832,40,7,Whey Protein Tub (1kg),45.0,1,2026-06-19
833,86,9,Pre-Workout Booster,35.0,3,2026-06-03
834,32,11,Pre-Workout Booster,35.0,3,2026-06-04
835,23,9,Yoga Class Ticket,20.0,1,2026-06-13
836,79,15,Nutritionist Consultation,75.0,1,2026-06-04
837,66,12,Body Composition Scan,30.0,1,2026-06-18
838,98,8,Nutritionist Consultation,75.0,1,2026-06-18
839,25,11,Peak Pulse Gym Shaker,12.0,1,2026-06-09
840,100,14,Nutritionist Consultation,75.0,4,2026-06-27
841,17,12,Yoga Class Ticket,20.0,2,2026-06-27
842,81,14,Peak Pulse Gym Shaker,12.0,1,2026-06-19
843,19,7,Spinning Class Ticket,18.0,1,2026-06-13
844,82,14,HIIT Boot Camp Pass,25.0,4,2026-06-13
845,88,13,Pre-Workout Booster,35.0,1,2026-06-19
846,12,7,Spinning Class Ticket,18.0,3,2026-06-17
847,51,9,Pre-Workout Booster,35.0,3,2026-06-17
848,38,15,Day Gym Pass,15.0,2,2026-06-05
849,38,15,Peak Pulse Gym Shaker,12.0,1,2026-06-05
850,99,11,Body Composition Scan,30.0,1,2026-06-08
851,37,8,Pre-Workout Booster,35.0,2,2026-06-21
852,63,8,Day Gym Pass,15.0,1,2026-06-25
853,63,8,Peak Pulse Gym Shaker,12.0,1,2026-06-25
854,33,10,Nutritionist Consultation,75.0,1,2026-05-31
855,43,12,BCAA Energy Can,4.0,1,2026-06-22
856,42,8,Yoga Class Ticket,20.0,1,2026-06-05
857,51,11,Body Composition Scan,30.0,1,2026-06-14
858,25,10,Body Composition Scan,30.0,3,2026-06-16
859,67,11,Day Gym Pass,15.0,1,2026-06-08
860,67,11,Peak Pulse Gym Shaker,12.0,1,2026-06-08
861,63,12,Resistance Bands Set,22.0,2,2026-06-21
862,63,10,BCAA Energy Can,4.0,1,2026-06-09
863,42,14,Spinning Class Ticket,18.0,1,2026-06-10
864,38,5,Spinning Class Ticket,18.0,2,2026-06-07
865,5,6,Resistance Bands Set,22.0,1,2026-03-20
866,5,4,BCAA Energy Can,4.0,1,2025-10-20
867,5,6,Yoga Class Ticket,20.0,1,2024-12-14
868,5,14,Peak Pulse Gym Shaker,12.0,1,2025-02-20
869,5,8,Day Gym Pass,15.0,1,2025-06-04
870,5,9,Yoga Class Ticket,20.0,1,2026-06-01
871,5,4,Resistance Bands Set,22.0,1,2024-08-20
872,5,14,Peak Pulse Gym Shaker,12.0,1,2025-03-26
873,5,9,BCAA Energy Can,4.0,1,2026-04-02
874,5,7,Yoga Class Ticket,20.0,1,2024-07-11
875,5,11,Day Gym Pass,15.0,1,2024-10-27
876,5,5,Peak Pulse Gym Shaker,12.0,1,2025-01-06
877,5,6,Resistance Bands Set,22.0,1,2025-10-08
878,5,14,Peak Pulse Gym Shaker,12.0,1,2025-04-05
879,5,4,Spinning Class Ticket,18.0,1,2026-05-09
880,5,6,Peak Pulse Gym Shaker,12.0,1,2025-03-24
881,5,13,Day Gym Pass,15.0,1,2026-03-04
882,5,14,Spinning Class Ticket,18.0,1,2026-05-03
883,5,5,Peak Pulse Gym Shaker,12.0,1,2025-12-30
884,5,5,Yoga Class Ticket,20.0,1,2025-08-13
885,5,9,Yoga Class Ticket,20.0,1,2025-05-31
886,5,8,Spinning Class Ticket,18.0,1,2025-05-18
887,5,13,BCAA Energy Can,4.0,1,2025-08-03
888,5,11,Peak Pulse Gym Shaker,12.0,1,2026-05-14
889,5,5,Day Gym Pass,15.0,1,2026-01-20
890,5,7,Resistance Bands Set,22.0,1,2026-03-19
891,5,14,Spinning Class Ticket,18.0,1,2025-03-28
892,5,8,Spinning Class Ticket,18.0,1,2025-04-08
893,5,11,Yoga Class Ticket,20.0,1,2025-07-28
894,5,13,Resistance Bands Set,22.0,1,2026-01-28
895,5,7,Yoga Class Ticket,20.0,1,2026-03-25
896,5,10,Yoga Class Ticket,20.0,1,2026-03-30
897,5,10,BCAA Energy Can,4.0,1,2026-01-04
898,5,5,Yoga Class Ticket,20.0,1,2024-07-22
899,5,7,Resistance Bands Set,22.0,1,2026-05-20
900,6,6,Resistance Bands Set,22.0,1,2025-07-19
901,6,5,Resistance Bands Set,22.0,1,2024-12-06
902,6,13,Yoga Class Ticket,20.0,1,2025-11-06
903,6,12,Day Gym Pass,15.0,1,2025-03-05
904,6,2,BCAA Energy Can,4.0,1,2025-08-02
905,6,11,Spinning Class Ticket,18.0,1,2024-12-16
906,6,8,Spinning Class Ticket,18.0,1,2024-10-19
907,6,5,Yoga Class Ticket,20.0,1,2026-05-18
908,6,11,Resistance Bands Set,22.0,1,2025-01-01
909,6,13,Day Gym Pass,15.0,1,2025-01-11
910,6,6,Peak Pulse Gym Shaker,12.0,1,2025-09-03
911,6,4,Day Gym Pass,15.0,1,2025-04-19
912,6,9,Yoga Class Ticket,20.0,1,2026-01-17
913,6,8,Yoga Class Ticket,20.0,1,2026-01-20
914,6,15,Day Gym Pass,15.0,1,2025-08-27
915,6,14,Day Gym Pass,15.0,1,2024-08-30
916,6,3,BCAA Energy Can,4.0,1,2026-04-14
917,6,8,Peak Pulse Gym Shaker,12.0,1,2025-11-22
918,6,7,BCAA Energy Can,4.0,1,2025-07-19
919,6,11,Yoga Class Ticket,20.0,1,2025-04-17
920,6,9,Day Gym Pass,15.0,1,2024-07-20
921,6,15,Resistance Bands Set,22.0,1,2024-11-14
922,6,2,Resistance Bands Set,22.0,1,2026-04-02
923,6,7,Resistance Bands Set,22.0,1,2025-01-31
924,6,6,Day Gym Pass,15.0,1,2025-03-07
925,6,5,Peak Pulse Gym Shaker,12.0,1,2026-06-01
926,6,11,Yoga Class Ticket,20.0,1,2025-03-25
927,6,7,Peak Pulse Gym Shaker,12.0,1,2025-04-04
928,7,6,Personal Training (1h),60.0,4,2025-11-10
929,7,8,Personal Training (1h),60.0,4,2025-08-02
930,7,4,Nutritionist Consultation,75.0,6,2024-12-07
931,7,9,Personal Training (1h),60.0,4,2024-09-26
932,7,7,Personal Training (1h),60.0,5,2025-09-21
933,7,14,Nutritionist Consultation,75.0,6,2024-10-22
934,7,5,Personal Training (1h),60.0,6,2025-02-28
935,7,5,Personal Training (1h),60.0,4,2024-12-14
936,7,4,Personal Training (1h),60.0,5,2026-05-17
937,7,13,Nutritionist Consultation,75.0,6,2025-01-07
938,7,8,Nutritionist Consultation,75.0,6,2026-02-17
939,7,13,Nutritionist Consultation,75.0,4,2025-08-12
940,8,5,Personal Training (1h),60.0,5,2025-12-11
941,8,9,Nutritionist Consultation,75.0,5,2026-05-12
942,8,15,Personal Training (1h),60.0,5,2026-01-14
943,8,7,Personal Training (1h),60.0,4,2026-04-10
944,8,4,Nutritionist Consultation,75.0,3,2024-09-14
945,8,8,Nutritionist Consultation,75.0,3,2025-03-03
946,8,5,Personal Training (1h),60.0,3,2024-08-08
947,8,7,Personal Training (1h),60.0,5,2026-04-03
948,8,5,Nutritionist Consultation,75.0,5,2024-10-03
